,ns,f1
0,1,0.727268377397767
1,2,0.7394075247120125
2,3,0.7394956754362196
3,4,0.7399440279731107
4,5,0.7379596970961175
5,6,0.7354401923547498
6,7,0.7379704006567728
7,8,0.7306862001803578
8,9,0.7332595690974754
9,10,0.7327589903224103
10,11,0.7360885455948554
11,12,0.7343113716638411
12,13,0.7390480991173122
13,14,0.7385164622432174
14,15,0.734024077387408
15,16,0.732139283866039
16,17,0.733190509405343
17,18,0.7362961880404335
18,19,0.734811322249457
19,20,0.7357359639507977
