,depths,f1
0,5,0.730776954745744
1,6,0.7393433867076113
2,7,0.7390629416402612
3,8,0.7325810759444067
4,9,0.7370696699340609
5,10,0.7327589903224103
6,11,0.7370696699340609
7,12,0.7370696699340609
8,13,0.7370696699340609
9,14,0.7370696699340609
10,15,0.7370696699340609
11,16,0.7370696699340609
12,17,0.7370696699340609
13,18,0.7370696699340609
14,19,0.7370696699340609
15,20,0.7370696699340609
